{"graph_0": {"_type": "graph-file", "sha256": "a36abf58e3f7d04142d7d1e22ec69d4c5b92f886ae6b59d90c7788fe65dd6cd5", "size": 10756, "path": "media/graph/graph_0_summary_a36abf58e3f7d04142d7.graph.json"}, "Learning Rate": 9.999997695046401e-05, "_timestamp": 1707761821.0168955, "_runtime": 21.513960599899292, "_step": 22, "val_pose_loss": 0.0014252526452764869, "val_trans_loss": 0.0050260405987501144, "val_total_loss": 0.006451293360441923, "avg_val_loss": 0.006451293360441923, "epoch": 7, "trainer/global_step": 7, "train_pose_loss": 0.01558948215097189, "train_trans_loss": 0.04373689368367195, "mean_train_total_loss": 0.05932637304067612, "_wandb": {"runtime": 21}}