{"graph_0": {"_type": "graph-file", "sha256": "2df222983509632e1935bb9f0280aa85269503ddada460d10e5214e6624d8f6a", "size": 10756, "path": "media/graph/graph_0_summary_2df222983509632e1935.graph.json"}, "train_pose_loss": 0.009095629677176476, "train_trans_loss": 0.010442988015711308, "mean_train_total_loss": 0.01953861676156521, "epoch": 11, "trainer/global_step": 11, "_timestamp": 1707758602.7835248, "_runtime": 24.746460676193237, "_step": 11, "_wandb": {"runtime": 24}}