{"graph_0": {"_type": "graph-file", "sha256": "44255c859612b23bc65a945702eb1ecb45351902cd6ef97144c15403f6374d35", "size": 10756, "path": "media/graph/graph_0_summary_44255c859612b23bc65a.graph.json"}, "Learning Rate": 9.999999155726424e-05, "_timestamp": 1707760870.4905167, "_runtime": 26.280418634414673, "_step": 35, "val_pose_loss": 0.009773168712854385, "val_trans_loss": 0.0011809300631284714, "val_total_loss": 0.010954098775982857, "avg_val_loss": 0.010954098775982857, "epoch": 11, "trainer/global_step": 11, "train_pose_loss": 0.009434456937015057, "train_trans_loss": 0.013443906791508198, "mean_train_total_loss": 0.022878363728523254, "_wandb": {"runtime": 26}}