{"graph_0": {"_type": "graph-file", "sha256": "b388f23da5c82be74cdb0ae1710e071b9fab3c4e1fd0f6e5b02ef5c6e70978aa", "size": 10749, "path": "media/graph/graph_0_summary_b388f23da5c82be74cdb.graph.json"}, "Learning Rate": 9.999999990837472e-05, "_timestamp": 1707761503.6126006, "_runtime": 25.255462646484375, "_step": 35, "val_pose_loss": 0.008406425826251507, "val_trans_loss": 0.0007201947155408561, "val_total_loss": 0.00912662036716938, "avg_val_loss": 0.00912662036716938, "epoch": 11, "trainer/global_step": 11, "train_pose_loss": 0.008814415894448757, "train_trans_loss": 0.0004269054043106735, "mean_train_total_loss": 0.009241321124136448, "_wandb": {"runtime": 24}}